{"cameraMode":{"drawMode":0,"name":"Shaded","section":"Shading Mode"},"sceneLighting":true,"audioPlay":false,"sceneViewState":{"m_AlwaysRefresh":false,"showFog":true,"showSkybox":true,"showFlares":true,"showImageEffects":true,"showParticleSystems":true,"showVisualEffectGraphs":true,"m_FxEnabled":true},"in2DMode":false,"pivot":{"x":4.9021453857421879,"y":1.513716697692871,"z":29.886615753173829},"rotation":{"x":-0.30843237042427065,"y":0.30421966314315798,"z":-0.10481875389814377,"w":-0.8951788544654846},"size":18.732315063476564,"orthographic":false}