{"cameraMode":{"drawMode":0,"name":"Shaded","section":"Shading Mode"},"sceneLighting":true,"audioPlay":false,"sceneViewState":{"m_AlwaysRefresh":false,"showFog":true,"showSkybox":true,"showFlares":true,"showImageEffects":true,"showParticleSystems":true,"showVisualEffectGraphs":true,"m_FxEnabled":true},"in2DMode":false,"pivot":{"x":-1.3093130588531495,"y":3.100534439086914,"z":18.22153091430664},"rotation":{"x":-0.32288700342178347,"y":0.013341527432203293,"z":-0.004552374128252268,"w":-0.9463390111923218},"size":22.270721435546876,"orthographic":false}