{"cameraMode":{"drawMode":0,"name":"Shaded","section":"Shading Mode"},"sceneLighting":false,"audioPlay":false,"sceneViewState":{"m_AlwaysRefresh":false,"showFog":true,"showSkybox":false,"showFlares":true,"showImageEffects":true,"showParticleSystems":true,"showVisualEffectGraphs":true,"m_FxEnabled":true},"in2DMode":false,"pivot":{"x":1.859765648841858,"y":2.56233811378479,"z":0.20829296112060548},"rotation":{"x":-0.05577824264764786,"y":0.009582075290381909,"z":-0.0005350361461751163,"w":-0.9984010457992554},"size":3.6452813148498537,"orthographic":false}