{"cameraMode":{"drawMode":0,"name":"Shaded","section":"Shading Mode"},"sceneLighting":false,"audioPlay":false,"sceneViewState":{"m_AlwaysRefresh":false,"showFog":true,"showSkybox":false,"showFlares":true,"showImageEffects":true,"showParticleSystems":true,"showVisualEffectGraphs":true,"m_FxEnabled":true},"in2DMode":false,"pivot":{"x":0.9510359764099121,"y":3.230285167694092,"z":-0.041997671127319339},"rotation":{"x":-0.05577824264764786,"y":0.009582075290381909,"z":-0.0005350361461751163,"w":-0.9984010457992554},"size":5.07102632522583,"orthographic":false}