{"cameraMode":{"drawMode":0,"name":"Shaded","section":"Shading Mode"},"sceneLighting":false,"audioPlay":false,"sceneViewState":{"m_AlwaysRefresh":false,"showFog":true,"showSkybox":false,"showFlares":true,"showImageEffects":true,"showParticleSystems":true,"showVisualEffectGraphs":true,"m_FxEnabled":true},"in2DMode":false,"pivot":{"x":-1.296741247177124,"y":0.7222445011138916,"z":1.1463494300842286},"rotation":{"x":-0.15038490295410157,"y":0.10418880730867386,"z":-0.015939505770802499,"w":-0.982994794845581},"size":3.4596798419952394,"orthographic":false}